meeting_key,session_key,stint_number,driver_number,lap_start,lap_end,compound,tyre_age_at_start
1141,7953,1,2,1.0,12.0,SOFT,0
1141,7953,1,22,1.0,10.0,SOFT,0
1141,7953,1,23,1.0,11.0,SOFT,0
1141,7953,1,63,1.0,13.0,SOFT,3
1141,7953,1,18,1.0,15.0,SOFT,3
1141,7953,1,4,1.0,10.0,SOFT,0
1141,7953,1,24,1.0,12.0,SOFT,0
1141,7953,1,44,1.0,12.0,SOFT,3
1141,7953,1,14,1.0,14.0,SOFT,3
1141,7953,1,20,1.0,15.0,HARD,0
1141,7953,1,55,1.0,13.0,SOFT,3
1141,7953,1,10,1.0,9.0,SOFT,0
1141,7953,1,21,1.0,11.0,SOFT,0
1141,7953,1,81,1.0,13.0,SOFT,0
1141,7953,1,16,1.0,13.0,SOFT,0
1141,7953,1,11,1.0,17.0,SOFT,3
1141,7953,1,31,1.0,12.0,SOFT,3
1141,7953,1,77,1.0,11.0,SOFT,0
1141,7953,1,1,1.0,14.0,SOFT,3
1141,7953,1,27,1.0,11.0,SOFT,3
1141,7953,2,10,10.0,25.0,HARD,0
1141,7953,2,22,11.0,26.0,HARD,0
1141,7953,2,4,11.0,17.0,HARD,0
1141,7953,2,77,12.0,29.0,HARD,0
1141,7953,2,23,12.0,26.0,SOFT,0
1141,7953,2,27,12.0,26.0,HARD,0
1141,7953,2,21,12.0,27.0,HARD,0
1141,7953,2,44,13.0,30.0,HARD,0
1141,7953,2,31,13.0,15.0,HARD,0
1141,7953,2,2,13.0,30.0,SOFT,0
1141,7953,2,24,13.0,32.0,HARD,0
1141,7953,2,16,14.0,33.0,HARD,0
1141,7953,2,55,14.0,31.0,HARD,0
1141,7953,2,63,14.0,31.0,HARD,0
1141,7953,2,1,15.0,36.0,SOFT,2
1141,7953,2,14,15.0,34.0,HARD,0
1141,7953,2,18,16.0,30.0,HARD,0
1141,7953,2,20,16.0,29.0,HARD,0
1141,7953,3,31,16.0,32.0,HARD,0
1141,7953,2,11,18.0,34.0,SOFT,2
1141,7953,3,4,18.0,27.0,SOFT,3
1141,7953,3,10,26.0,40.0,HARD,0
1141,7953,3,23,27.0,40.0,HARD,0
1141,7953,3,22,27.0,40.0,HARD,0
1141,7953,3,27,27.0,40.0,HARD,0
1141,7953,3,21,28.0,56.0,HARD,0
1141,7953,4,4,28.0,37.0,MEDIUM,0
1141,7953,3,77,30.0,57.0,HARD,0
1141,7953,3,20,30.0,40.0,SOFT,0
1141,7953,3,44,31.0,57.0,HARD,0
1141,7953,3,18,31.0,57.0,HARD,0
1141,7953,3,2,31.0,40.0,HARD,0
1141,7953,3,55,32.0,57.0,HARD,0
1141,7953,3,63,32.0,57.0,HARD,0
1141,7953,3,24,33.0,54.0,SOFT,3
1141,7953,3,16,34.0,39.0,HARD,0
1141,7953,4,31,33.0,41.0,HARD,0
1141,7953,3,11,35.0,57.0,HARD,0
1141,7953,3,14,35.0,57.0,HARD,0
1141,7953,3,1,37.0,57.0,HARD,0
1141,7953,5,4,38.0,47.0,HARD,0
1141,7953,4,10,41.0,57.0,SOFT,0
1141,7953,4,23,41.0,57.0,SOFT,0
1141,7953,4,22,41.0,57.0,SOFT,3
1141,7953,4,2,41.0,56.0,SOFT,0
1141,7953,4,20,41.0,56.0,SOFT,0
1141,7953,4,27,41.0,56.0,SOFT,3
1141,7953,6,4,48.0,54.0,SOFT,4
1141,7953,4,24,55.0,56.0,SOFT,3
1141,7953,7,4,55.0,55.0,SOFT,6
1142,7779,1,77,1.0,9.0,MEDIUM,0
1142,7779,1,63,1.0,18.0,MEDIUM,0
1142,7779,1,27,1.0,11.0,MEDIUM,0
1142,7779,1,2,1.0,18.0,HARD,0
1142,7779,1,23,1.0,17.0,MEDIUM,0
1142,7779,1,18,1.0,13.0,MEDIUM,0
1142,7779,1,4,1.0,2.0,SOFT,0
1142,7779,1,55,1.0,15.0,MEDIUM,0
1142,7779,1,24,1.0,11.0,MEDIUM,0
1142,7779,1,44,1.0,18.0,HARD,0
1142,7779,1,14,1.0,18.0,MEDIUM,0
1142,7779,1,20,1.0,8.0,MEDIUM,0
1142,7779,1,10,1.0,14.0,MEDIUM,0
1142,7779,1,1,1.0,18.0,MEDIUM,0
1142,7779,1,21,1.0,17.0,MEDIUM,0
1142,7779,1,16,1.0,16.0,SOFT,0
1142,7779,1,81,1.0,1.0,MEDIUM,0
1142,7779,1,11,1.0,18.0,MEDIUM,0
1142,7779,1,22,1.0,17.0,MEDIUM,0
1142,7779,1,31,1.0,16.0,MEDIUM,0
1142,7779,2,81,2.0,50.0,HARD,0
1142,7779,2,4,3.0,19.0,HARD,0
1142,7779,2,20,9.0,50.0,HARD,0
1142,7779,2,77,10.0,17.0,HARD,0
1142,7779,2,24,12.0,18.0,HARD,0
1142,7779,2,27,12.0,50.0,HARD,0
1142,7779,2,18,14.0,16.0,HARD,0
1142,7779,2,10,15.0,50.0,HARD,0
1142,7779,2,55,16.0,50.0,HARD,0
1142,7779,2,16,17.0,50.0,HARD,0
1142,7779,2,31,17.0,50.0,HARD,0
1142,7779,2,22,18.0,50.0,HARD,0
1142,7779,2,23,18.0,27.0,HARD,0
1142,7779,2,21,18.0,50.0,HARD,0
1142,7779,3,77,18.0,35.0,MEDIUM,0
1142,7779,2,11,19.0,50.0,HARD,0
1142,7779,2,14,19.0,50.0,HARD,1
1142,7779,2,63,19.0,50.0,HARD,0
1142,7779,2,1,19.0,50.0,HARD,0
1142,7779,2,44,19.0,50.0,MEDIUM,0
1142,7779,2,2,19.0,50.0,MEDIUM,0
1142,7779,3,24,19.0,50.0,MEDIUM,0
1142,7779,3,4,20.0,50.0,MEDIUM,0
1142,7779,4,77,36.0,49.0,SOFT,0
1143,7787,1,77,1.0,1.0,SOFT,0
1143,7787,1,21,1.0,8.0,HARD,0
1143,7787,1,1,1.0,8.0,MEDIUM,0
1143,7787,1,16,,,MEDIUM,0
1143,7787,1,27,1.0,8.0,MEDIUM,0
1143,7787,1,22,1.0,8.0,MEDIUM,0
1143,7787,1,2,1.0,1.0,HARD,0
1143,7787,1,11,1.0,1.0,HARD,0
1143,7787,1,23,1.0,6.0,MEDIUM,0
1143,7787,1,63,1.0,7.0,MEDIUM,0
1143,7787,1,18,1.0,8.0,MEDIUM,1
1143,7787,1,14,1.0,8.0,MEDIUM,1
1143,7787,1,4,1.0,8.0,MEDIUM,0
1143,7787,1,24,1.0,1.0,SOFT,0
1143,7787,1,55,1.0,7.0,MEDIUM,0
1143,7787,1,44,1.0,8.0,MEDIUM,0
1143,7787,1,10,1.0,8.0,SOFT,0
1143,7787,1,81,1.0,8.0,MEDIUM,0
1143,7787,1,31,1.0,1.0,SOFT,0
1143,7787,1,20,1.0,7.0,MEDIUM,0
1143,7787,2,31,1.0,8.0,HARD,0
1143,7787,2,11,1.0,2.0,MEDIUM,0
1143,7787,2,2,1.0,2.0,MEDIUM,0
1143,7787,2,24,1.0,8.0,HARD,0
1143,7787,2,77,1.0,8.0,HARD,0
1143,7787,3,2,2.0,8.0,HARD,1
1143,7787,3,11,2.0,8.0,HARD,0
1143,7787,2,63,7.0,8.0,HARD,0
1143,7787,2,55,7.0,8.0,HARD,0
1143,7787,2,20,7.0,8.0,HARD,0
1143,7787,2,1,8.0,55.0,HARD,0
1143,7787,2,44,9.0,55.0,HARD,0
1143,7787,2,14,8.0,55.0,HARD,0
1143,7787,2,10,8.0,55.0,HARD,0
1143,7787,2,27,8.0,55.0,HARD,0
1143,7787,2,18,8.0,55.0,HARD,0
1143,7787,3,63,8.0,17.0,HARD,1
1143,7787,2,22,8.0,54.0,HARD,0
1143,7787,2,4,8.0,55.0,HARD,0
1143,7787,2,81,8.0,54.0,HARD,0
1143,7787,3,55,8.0,55.0,HARD,1
1143,7787,3,31,8.0,55.0,HARD,7
1143,7787,2,21,8.0,45.0,MEDIUM,0
1143,7787,4,11,8.0,55.0,HARD,1
1143,7787,3,24,8.0,54.0,HARD,7
1143,7787,4,2,8.0,36.0,MEDIUM,0
1143,7787,3,77,8.0,53.0,HARD,7
1143,7787,3,20,8.0,52.0,HARD,1
1143,7787,5,2,36.0,54.0,HARD,7
1143,7787,3,21,45.0,54.0,SOFT,0
1143,7787,4,77,53.0,54.0,SOFT,0
1143,7787,3,81,54.0,55.0,SOFT,0
1143,7787,4,24,54.0,55.0,SOFT,0
1143,7787,3,22,54.0,55.0,SOFT,0
1143,7787,6,2,55.0,55.0,SOFT,0
1143,7787,5,77,55.0,54.0,SOFT,0
1143,7787,4,21,55.0,55.0,SOFT,4
1143,7787,3,1,56.0,57.0,SOFT,3
1143,7787,3,44,56.0,57.0,SOFT,4
1143,7787,3,14,55.0,57.0,SOFT,4
1143,7787,4,55,55.0,57.0,SOFT,4
1143,7787,3,10,55.0,56.0,SOFT,0
1143,7787,3,18,55.0,57.0,SOFT,5
1143,7787,5,11,55.0,57.0,SOFT,0
1143,7787,3,4,55.0,57.0,SOFT,0
1143,7787,4,31,55.0,56.0,SOFT,0
1143,7787,3,27,55.0,57.0,SOFT,4
1143,7787,4,81,55.0,57.0,SOFT,0
1143,7787,5,24,55.0,57.0,SOFT,0
1143,7787,4,22,55.0,57.0,SOFT,4
1143,7787,6,77,55.0,57.0,SOFT,2
1143,7787,7,2,55.0,56.0,SOFT,1
1143,7787,5,21,55.0,56.0,SOFT,0
1143,7787,4,1,58.0,58.0,SOFT,5
1143,7787,4,14,57.0,58.0,SOFT,4
1143,7787,4,44,58.0,58.0,SOFT,4
1143,7787,4,18,57.0,58.0,SOFT,6
1143,7787,5,55,57.0,58.0,SOFT,4
1143,7787,6,11,57.0,58.0,SOFT,0
1143,7787,4,27,57.0,58.0,SOFT,0
1143,7787,4,4,57.0,58.0,SOFT,4
1143,7787,5,22,57.0,58.0,SOFT,8
1143,7787,6,24,57.0,58.0,SOFT,2
1143,7787,5,81,57.0,58.0,SOFT,0
1143,7787,7,77,57.0,58.0,SOFT,4
1207,9070,1,20,1.0,10.0,MEDIUM,0
1207,9070,1,55,1.0,11.0,MEDIUM,0
1207,9070,1,10,1.0,5.0,MEDIUM,0
1207,9070,1,16,1.0,11.0,MEDIUM,0
1207,9070,1,81,1.0,8.0,MEDIUM,0
1207,9070,1,11,1.0,11.0,MEDIUM,0
1207,9070,1,31,1.0,50.0,HARD,0
1207,9070,1,77,1.0,6.0,MEDIUM,0
1207,9070,1,1,1.0,10.0,MEDIUM,0
1207,9070,1,21,1.0,9.0,HARD,0
1207,9070,1,27,1.0,49.0,HARD,0
1207,9070,1,22,1.0,8.0,MEDIUM,0
1207,9070,1,2,1.0,8.0,MEDIUM,0
1207,9070,1,23,1.0,7.0,MEDIUM,0
1207,9070,1,63,1.0,11.0,MEDIUM,0
1207,9070,1,18,1.0,11.0,MEDIUM,0
1207,9070,1,4,1.0,9.0,MEDIUM,0
1207,9070,1,44,1.0,9.0,MEDIUM,0
1207,9070,1,24,1.0,11.0,MEDIUM,0
1207,9070,1,14,1.0,11.0,MEDIUM,0
1207,9070,2,10,6.0,23.0,HARD,0
1207,9070,2,77,7.0,12.0,HARD,0
1207,9070,2,23,8.0,51.0,HARD,0
1207,9070,2,22,9.0,51.0,HARD,0
1207,9070,2,81,9.0,51.0,HARD,0
1207,9070,2,2,9.0,51.0,HARD,0
1207,9070,2,44,10.0,51.0,HARD,0
1207,9070,2,4,10.0,51.0,HARD,0
1207,9070,2,1,11.0,51.0,HARD,0
1207,9070,2,20,11.0,51.0,HARD,0
1207,9070,2,11,12.0,51.0,HARD,0
1207,9070,2,16,12.0,51.0,HARD,0
1207,9070,2,55,12.0,51.0,HARD,0
1207,9070,2,14,12.0,51.0,HARD,0
1207,9070,2,63,12.0,49.0,HARD,0
1207,9070,2,18,12.0,51.0,HARD,3
1207,9070,2,24,12.0,36.0,HARD,0
1207,9070,3,77,13.0,34.0,HARD,0
1207,9070,3,10,24.0,51.0,HARD,0
1207,9070,4,77,35.0,50.0,MEDIUM,0
1207,9070,3,63,50.0,51.0,SOFT,0
1207,9070,2,27,50.0,50.0,SOFT,0
1207,9070,2,31,51.0,51.0,SOFT,0
1208,9078,1,18,1.0,42.0,HARD,1
1208,9078,1,4,1.0,4.0,SOFT,0
1208,9078,1,44,1.0,37.0,HARD,0
1208,9078,1,55,1.0,18.0,MEDIUM,0
1208,9078,1,24,1.0,31.0,HARD,0
1208,9078,1,14,1.0,24.0,MEDIUM,1
1208,9078,1,20,1.0,14.0,MEDIUM,0
1208,9078,1,21,1.0,15.0,MEDIUM,0
1208,9078,1,10,1.0,15.0,MEDIUM,0
1208,9078,1,81,1.0,5.0,SOFT,0
1208,9078,1,16,1.0,17.0,MEDIUM,0
1208,9078,1,11,1.0,20.0,MEDIUM,0
1208,9078,1,31,1.0,39.0,HARD,0
1208,9078,1,77,1.0,15.0,MEDIUM,0
1208,9078,1,63,1.0,17.0,MEDIUM,0
1208,9078,1,1,1.0,45.0,HARD,0
1208,9078,1,27,1.0,33.0,HARD,0
1208,9078,1,2,1.0,2.0,MEDIUM,0
1208,9078,1,22,1.0,36.0,HARD,0
1208,9078,1,23,1.0,22.0,MEDIUM,0
1208,9078,2,2,3.0,56.0,HARD,0
1208,9078,2,4,5.0,57.0,HARD,0
1208,9078,2,81,6.0,56.0,HARD,0
1208,9078,2,20,15.0,57.0,HARD,0
1208,9078,2,10,16.0,57.0,HARD,0
1208,9078,2,77,16.0,57.0,HARD,0
1208,9078,2,21,16.0,57.0,HARD,0
1208,9078,2,63,18.0,57.0,HARD,0
1208,9078,2,16,18.0,57.0,HARD,0
1208,9078,2,55,19.0,57.0,HARD,0
1208,9078,2,11,21.0,57.0,HARD,0
1208,9078,2,23,23.0,57.0,HARD,0
1208,9078,2,14,25.0,57.0,HARD,1
1208,9078,2,24,32.0,57.0,MEDIUM,0
1208,9078,2,27,34.0,57.0,MEDIUM,0
1208,9078,2,22,37.0,57.0,MEDIUM,0
1208,9078,2,44,38.0,57.0,MEDIUM,0
1208,9078,2,31,40.0,57.0,MEDIUM,0
1208,9078,2,18,43.0,57.0,MEDIUM,1
1208,9078,2,1,46.0,57.0,MEDIUM,0
1210,9094,1,27,1.0,1.0,MEDIUM,0
1210,9094,1,16,1.0,44.0,HARD,0
1210,9094,1,2,1.0,20.0,MEDIUM,0
1210,9094,1,11,1.0,1.0,MEDIUM,0
1210,9094,1,22,1.0,53.0,MEDIUM,0
1210,9094,1,63,1.0,54.0,HARD,0
1210,9094,1,23,1.0,18.0,MEDIUM,0
1210,9094,1,18,1.0,51.0,HARD,1
1210,9094,1,44,1.0,31.0,MEDIUM,0
1210,9094,1,14,1.0,54.0,HARD,1
1210,9094,1,4,1.0,50.0,MEDIUM,0
1210,9094,1,24,1.0,1.0,SOFT,0
1210,9094,1,55,1.0,33.0,HARD,0
1210,9094,1,10,1.0,47.0,HARD,0
1210,9094,1,81,1.0,54.0,HARD,0
1210,9094,1,31,1.0,32.0,MEDIUM,0
1210,9094,1,20,1.0,56.0,HARD,0
1210,9094,1,77,1.0,51.0,HARD,0
1210,9094,1,1,1.0,55.0,MEDIUM,0
1210,9094,1,21,1.0,53.0,MEDIUM,0
1210,9094,2,11,1.0,34.0,HARD,0
1210,9094,2,24,1.0,52.0,HARD,0
1210,9094,2,27,1.0,54.0,HARD,0
1210,9094,2,23,18.0,52.0,HARD,0
1210,9094,2,2,20.0,23.0,HARD,0
1210,9094,3,2,23.0,52.0,SOFT,0
1210,9094,2,44,31.0,54.0,HARD,0
1210,9094,2,31,32.0,54.0,HARD,0
1210,9094,2,55,33.0,55.0,MEDIUM,0
1210,9094,3,11,34.0,53.0,MEDIUM,1
1210,9094,2,16,44.0,55.0,MEDIUM,0
1210,9094,2,10,47.0,54.0,MEDIUM,0
1210,9094,2,4,50.0,54.0,HARD,0
1210,9094,2,18,51.0,53.0,INTERMEDIATE,0
1210,9094,2,77,51.0,77.0,INTERMEDIATE,0
1210,9094,3,24,52.0,77.0,INTERMEDIATE,0
1210,9094,3,23,52.0,77.0,INTERMEDIATE,0
1210,9094,4,2,52.0,76.0,INTERMEDIATE,0
1210,9094,2,22,53.0,76.0,INTERMEDIATE,0
1210,9094,2,14,54.0,55.0,MEDIUM,1
1210,9094,2,21,53.0,77.0,INTERMEDIATE,0
1210,9094,2,63,54.0,78.0,INTERMEDIATE,0
1210,9094,3,31,54.0,78.0,INTERMEDIATE,0
1210,9094,3,44,54.0,78.0,INTERMEDIATE,0
1210,9094,4,11,53.0,57.0,INTERMEDIATE,0
1210,9094,3,10,54.0,78.0,INTERMEDIATE,0
1210,9094,2,1,55.0,78.0,INTERMEDIATE,0
1210,9094,2,81,54.0,77.0,INTERMEDIATE,0
1210,9094,3,4,54.0,77.0,INTERMEDIATE,0
1210,9094,3,14,55.0,78.0,INTERMEDIATE,0
1210,9094,3,16,55.0,78.0,INTERMEDIATE,0
1210,9094,3,55,55.0,78.0,INTERMEDIATE,0
1210,9094,3,27,54.0,59.0,INTERMEDIATE,0
1210,9094,2,20,56.0,70.0,WET,0
1210,9094,5,11,57.0,70.0,WET,0
1210,9094,4,27,59.0,76.0,WET,0
1210,9094,6,11,70.0,76.0,INTERMEDIATE,0
1211,9102,1,11,1.0,27.0,MEDIUM,0
1211,9102,1,31,1.0,13.0,SOFT,3
1211,9102,1,77,1.0,5.0,SOFT,0
1211,9102,1,21,1.0,9.0,SOFT,0
1211,9102,1,1,1.0,26.0,MEDIUM,0
1211,9102,1,16,1.0,16.0,HARD,0
1211,9102,1,27,1.0,8.0,SOFT,3
1211,9102,1,2,1.0,17.0,MEDIUM,0
1211,9102,1,22,1.0,10.0,SOFT,0
1211,9102,1,23,1.0,16.0,SOFT,0
1211,9102,1,63,1.0,25.0,SOFT,0
1211,9102,1,18,1.0,14.0,SOFT,3
1211,9102,1,24,1.0,9.0,SOFT,0
1211,9102,1,44,1.0,24.0,SOFT,3
1211,9102,1,14,1.0,19.0,SOFT,3
1211,9102,1,20,1.0,10.0,SOFT,0
1211,9102,1,4,1.0,1.0,SOFT,2
1211,9102,1,55,1.0,15.0,SOFT,3
1211,9102,1,10,1.0,19.0,SOFT,3
1211,9102,1,81,1.0,17.0,SOFT,2
1211,9102,2,4,2.0,22.0,HARD,0
1211,9102,2,77,6.0,39.0,HARD,0
1211,9102,2,27,9.0,26.0,MEDIUM,0
1211,9102,2,24,10.0,36.0,HARD,0
1211,9102,2,21,10.0,38.0,HARD,0
1211,9102,2,22,11.0,34.0,HARD,0
1211,9102,2,20,11.0,24.0,MEDIUM,0
1211,9102,2,31,14.0,35.0,MEDIUM,0
1211,9102,2,18,15.0,34.0,SOFT,0
1211,9102,2,55,16.0,41.0,MEDIUM,0
1211,9102,2,16,17.0,41.0,SOFT,0
1211,9102,2,23,17.0,37.0,HARD,0
1211,9102,2,81,18.0,39.0,HARD,0
1211,9102,2,2,18.0,36.0,HARD,0
1211,9102,2,14,20.0,44.0,SOFT,0
1211,9102,2,10,20.0,39.0,MEDIUM,0
1211,9102,3,4,23.0,50.0,MEDIUM,0
1211,9102,2,44,25.0,50.0,MEDIUM,0
1211,9102,3,20,25.0,42.0,HARD,0
1211,9102,2,63,26.0,45.0,MEDIUM,0
1211,9102,2,1,27.0,52.0,HARD,0
1211,9102,3,27,27.0,43.0,HARD,0
1211,9102,2,11,28.0,50.0,HARD,0
1211,9102,3,22,35.0,66.0,MEDIUM,0
1211,9102,3,18,35.0,66.0,HARD,0
1211,9102,3,31,36.0,66.0,HARD,0
1211,9102,3,24,37.0,66.0,HARD,0
1211,9102,3,2,37.0,65.0,HARD,0
1211,9102,3,23,38.0,65.0,MEDIUM,0
1211,9102,3,21,39.0,65.0,MEDIUM,0
1211,9102,3,81,40.0,65.0,MEDIUM,0
1211,9102,3,10,40.0,66.0,HARD,0
1211,9102,3,77,40.0,65.0,HARD,0
1211,9102,3,55,42.0,66.0,HARD,0
1211,9102,3,16,42.0,66.0,HARD,0
1211,9102,4,20,43.0,65.0,MEDIUM,0
1211,9102,4,27,44.0,65.0,MEDIUM,0
1211,9102,3,14,45.0,66.0,HARD,0
1211,9102,3,63,46.0,66.0,SOFT,3
1211,9102,3,44,51.0,66.0,SOFT,3
1211,9102,3,11,51.0,66.0,SOFT,0
1211,9102,4,4,51.0,65.0,SOFT,0
1211,9102,3,1,53.0,66.0,SOFT,2
1212,9110,1,81,1.0,12.0,MEDIUM,0
1212,9110,1,22,1.0,1.0,MEDIUM,0
1212,9110,1,11,1.0,37.0,HARD,0
1212,9110,1,31,1.0,12.0,MEDIUM,0
1212,9110,1,77,1.0,36.0,HARD,0
1212,9110,1,63,1.0,12.0,MEDIUM,0
1212,9110,1,18,1.0,11.0,MEDIUM,0
1212,9110,1,27,1.0,11.0,MEDIUM,0
1212,9110,1,2,1.0,6.0,MEDIUM,0
1212,9110,1,14,1.0,12.0,MEDIUM,0
1212,9110,1,23,1.0,12.0,MEDIUM,1
1212,9110,1,55,1.0,38.0,MEDIUM,0
1212,9110,1,1,1.0,12.0,MEDIUM,0
1212,9110,1,4,1.0,12.0,MEDIUM,0
1212,9110,1,24,1.0,12.0,MEDIUM,0
1212,9110,1,44,1.0,12.0,MEDIUM,0
1212,9110,1,20,1.0,35.0,HARD,0
1212,9110,1,10,1.0,10.0,SOFT,0
1212,9110,1,21,1.0,11.0,MEDIUM,0
1212,9110,1,16,1.0,39.0,MEDIUM,0
1212,9110,2,22,1.0,2.0,HARD,0
1212,9110,3,22,3.0,70.0,HARD,0
1212,9110,2,10,10.0,33.0,HARD,0
1212,9110,2,27,11.0,31.0,HARD,0
1212,9110,2,18,11.0,27.0,HARD,0
1212,9110,2,21,11.0,50.0,HARD,0
1212,9110,2,1,12.0,42.0,HARD,0
1212,9110,2,14,12.0,41.0,HARD,0
1212,9110,2,44,12.0,40.0,HARD,0
1212,9110,2,31,12.0,36.0,HARD,0
1212,9110,2,81,12.0,37.0,HARD,0
1212,9110,2,23,12.0,70.0,HARD,0
1212,9110,2,4,12.0,35.0,HARD,0
1212,9110,2,24,12.0,32.0,HARD,0
1212,9110,2,63,12.0,53.0,HARD,0
1212,9110,3,18,27.0,70.0,HARD,0
1212,9110,3,27,31.0,69.0,HARD,0
1212,9110,3,24,32.0,69.0,HARD,0
1212,9110,3,10,33.0,70.0,HARD,0
1212,9110,3,4,35.0,70.0,HARD,0
1212,9110,2,20,35.0,53.0,MEDIUM,0
1212,9110,3,31,36.0,70.0,HARD,0
1212,9110,2,77,36.0,70.0,MEDIUM,0
1212,9110,2,11,37.0,68.0,MEDIUM,0
1212,9110,3,81,37.0,70.0,HARD,0
1212,9110,2,55,38.0,70.0,HARD,0
1212,9110,2,16,39.0,70.0,HARD,0
1212,9110,3,44,40.0,70.0,MEDIUM,0
1212,9110,3,14,41.0,70.0,HARD,0
1212,9110,3,1,42.0,70.0,MEDIUM,0
1212,9110,3,21,50.0,69.0,HARD,0
1212,9110,3,20,53.0,69.0,MEDIUM,0
1212,9110,3,11,68.0,70.0,SOFT,0
1213,9118,1,14,1.0,2.0,HARD,0
1213,9118,1,27,1.0,2.0,MEDIUM,3
1213,9118,1,18,1.0,2.0,MEDIUM,0
1213,9118,1,16,1.0,2.0,MEDIUM,0
1213,9118,1,2,1.0,2.0,MEDIUM,0
1213,9118,1,22,1.0,1.0,MEDIUM,0
1213,9118,1,31,1.0,2.0,MEDIUM,0
1213,9118,1,44,1.0,2.0,MEDIUM,0
1213,9118,1,20,1.0,1.0,HARD,0
1213,9118,1,23,1.0,2.0,MEDIUM,0
1213,9118,1,24,1.0,2.0,MEDIUM,0
1213,9118,1,55,1.0,2.0,MEDIUM,0
1213,9118,1,77,1.0,2.0,HARD,0
1213,9118,1,10,1.0,2.0,MEDIUM,0
1213,9118,1,1,1.0,2.0,MEDIUM,0
1213,9118,1,21,1.0,2.0,MEDIUM,0
1213,9118,1,63,1.0,2.0,MEDIUM,0
1213,9118,1,4,1.0,2.0,MEDIUM,0
1213,9118,1,81,1.0,2.0,MEDIUM,0
1213,9118,1,11,1.0,2.0,MEDIUM,0
1213,9118,2,20,2.0,2.0,MEDIUM,0
1213,9118,2,22,2.0,2.0,HARD,0
1213,9118,2,1,3.0,24.0,MEDIUM,0
1213,9118,2,55,3.0,15.0,MEDIUM,0
1213,9118,2,16,3.0,15.0,MEDIUM,0
1213,9118,2,44,3.0,14.0,MEDIUM,2
1213,9118,2,4,3.0,14.0,MEDIUM,2
1213,9118,2,27,3.0,11.0,MEDIUM,0
1213,9118,2,18,3.0,15.0,MEDIUM,2
1213,9118,2,14,3.0,15.0,HARD,2
1213,9118,2,10,3.0,14.0,MEDIUM,0
1213,9118,2,23,3.0,14.0,MEDIUM,0
1213,9118,2,11,3.0,25.0,MEDIUM,2
1213,9118,2,63,3.0,14.0,MEDIUM,2
1213,9118,2,31,3.0,14.0,MEDIUM,2
1213,9118,2,24,3.0,8.0,MEDIUM,0
1213,9118,2,77,3.0,21.0,HARD,0
1213,9118,2,81,3.0,14.0,MEDIUM,2
1213,9118,2,2,3.0,14.0,MEDIUM,0
1213,9118,2,21,3.0,12.0,MEDIUM,2
1213,9118,3,22,3.0,23.0,HARD,1
1213,9118,3,20,3.0,34.0,HARD,0
1213,9118,3,24,9.0,38.0,HARD,0
1213,9118,3,27,12.0,12.0,HARD,0
1213,9118,3,21,13.0,37.0,HARD,0
1213,9118,3,4,15.0,41.0,HARD,0
1213,9118,3,44,15.0,42.0,HARD,0
1213,9118,3,10,15.0,44.0,HARD,0
1213,9118,3,31,15.0,40.0,HARD,0
1213,9118,3,63,15.0,41.0,HARD,0
1213,9118,3,23,15.0,41.0,HARD,0
1213,9118,3,81,15.0,22.0,HARD,0
1213,9118,3,2,15.0,43.0,HARD,0
1213,9118,3,16,16.0,47.0,MEDIUM,0
1213,9118,3,55,16.0,45.0,MEDIUM,0
1213,9118,3,14,16.0,44.0,MEDIUM,0
1213,9118,3,18,16.0,36.0,HARD,0
1213,9118,3,77,22.0,40.0,MEDIUM,0
1213,9118,4,81,23.0,41.0,HARD,0
1213,9118,4,22,24.0,43.0,HARD,0
1213,9118,3,1,25.0,49.0,HARD,0
1213,9118,3,11,26.0,50.0,MEDIUM,0
1213,9118,4,20,35.0,70.0,HARD,1
1213,9118,4,18,37.0,54.0,HARD,0
1213,9118,4,21,38.0,70.0,MEDIUM,0
1213,9118,4,24,39.0,70.0,HARD,0
1213,9118,4,31,41.0,70.0,HARD,0
1213,9118,4,77,41.0,70.0,HARD,0
1213,9118,4,4,42.0,71.0,HARD,0
1213,9118,4,63,42.0,71.0,MEDIUM,0
1213,9118,4,23,42.0,71.0,HARD,0
1213,9118,5,81,42.0,70.0,MEDIUM,0
1213,9118,4,44,43.0,71.0,MEDIUM,0
1213,9118,4,2,44.0,70.0,HARD,0
1213,9118,5,22,44.0,70.0,MEDIUM,0
1213,9118,4,14,45.0,71.0,MEDIUM,0
1213,9118,4,10,45.0,71.0,MEDIUM,0
1213,9118,4,55,46.0,71.0,HARD,0
1213,9118,4,16,48.0,71.0,HARD,0
1213,9118,4,1,50.0,69.0,MEDIUM,0
1213,9118,4,11,51.0,71.0,HARD,0
1213,9118,5,18,55.0,71.0,MEDIUM,0
1213,9118,5,1,70.0,71.0,SOFT,3
1214,9126,1,31,1.0,9.0,SOFT,0
1214,9126,1,10,1.0,31.0,MEDIUM,0
1214,9126,1,21,1.0,27.0,SOFT,0
1214,9126,1,77,1.0,32.0,HARD,0
1214,9126,1,14,1.0,33.0,MEDIUM,1
1214,9126,1,23,1.0,32.0,MEDIUM,0
1214,9126,1,18,1.0,31.0,MEDIUM,0
1214,9126,1,22,1.0,14.0,SOFT,0
1214,9126,1,20,1.0,31.0,MEDIUM,0
1214,9126,1,27,1.0,7.0,HARD,0
1214,9126,1,2,1.0,29.0,MEDIUM,0
1214,9126,1,44,1.0,33.0,MEDIUM,0
1214,9126,1,4,1.0,33.0,MEDIUM,0
1214,9126,1,55,1.0,26.0,MEDIUM,0
1214,9126,1,24,1.0,24.0,MEDIUM,0
1214,9126,1,1,1.0,33.0,MEDIUM,0
1214,9126,1,81,1.0,29.0,MEDIUM,0
1214,9126,1,63,1.0,28.0,SOFT,3
1214,9126,1,16,1.0,18.0,MEDIUM,0
1214,9126,1,11,1.0,28.0,MEDIUM,0
1214,9126,2,27,8.0,32.0,MEDIUM,0
1214,9126,2,22,15.0,32.0,HARD,0
1214,9126,2,16,19.0,32.0,HARD,0
1214,9126,2,24,25.0,33.0,HARD,0
1214,9126,2,55,27.0,52.0,HARD,0
1214,9126,2,21,28.0,32.0,MEDIUM,0
1214,9126,2,63,29.0,52.0,MEDIUM,0
1214,9126,2,11,29.0,52.0,SOFT,0
1214,9126,2,81,30.0,52.0,HARD,0
1214,9126,2,2,30.0,52.0,SOFT,0
1214,9126,2,10,32.0,46.0,SOFT,3
1214,9126,2,18,32.0,52.0,SOFT,3
1214,9126,2,23,33.0,52.0,SOFT,4
1214,9126,3,16,33.0,52.0,MEDIUM,0
1214,9126,2,77,33.0,52.0,SOFT,0
1214,9126,3,22,33.0,52.0,SOFT,0
1214,9126,3,21,33.0,52.0,SOFT,0
1214,9126,3,27,33.0,52.0,SOFT,0
1214,9126,2,1,34.0,52.0,SOFT,3
1214,9126,2,4,34.0,52.0,HARD,0
1214,9126,2,44,34.0,52.0,SOFT,3
1214,9126,2,14,34.0,52.0,SOFT,3
1214,9126,3,24,34.0,36.0,SOFT,0
1214,9126,4,24,37.0,52.0,SOFT,3
1215,9133,1,1,1.0,23.0,MEDIUM,3
1215,9133,1,81,1.0,18.0,MEDIUM,2
1215,9133,1,23,1.0,8.0,MEDIUM,0
1215,9133,1,27,1.0,16.0,MEDIUM,3
1215,9133,1,20,1.0,14.0,MEDIUM,0
1215,9133,1,11,1.0,24.0,HARD,3
1215,9133,1,2,1.0,13.0,MEDIUM,0
1215,9133,1,4,1.0,17.0,MEDIUM,0
1215,9133,1,55,1.0,15.0,SOFT,0
1215,9133,1,77,1.0,9.0,MEDIUM,3
1215,9133,1,3,1.0,18.0,MEDIUM,3
1215,9133,1,10,1.0,1.0,SOFT,0
1215,9133,1,63,1.0,28.0,HARD,0
1215,9133,1,14,1.0,20.0,MEDIUM,3
1215,9133,1,18,1.0,9.0,SOFT,0
1215,9133,1,16,1.0,17.0,MEDIUM,3
1215,9133,1,22,1.0,9.0,SOFT,0
1215,9133,1,44,1.0,16.0,MEDIUM,3
1215,9133,1,31,1.0,2.0,MEDIUM,3
1215,9133,1,24,1.0,10.0,MEDIUM,3
1215,9133,2,23,9.0,31.0,HARD,3
1215,9133,2,18,10.0,34.0,HARD,5
1215,9133,2,77,10.0,40.0,HARD,5
1215,9133,2,22,10.0,44.0,HARD,3
1215,9133,2,24,11.0,38.0,HARD,5
1215,9133,2,2,14.0,34.0,HARD,3
1215,9133,2,20,15.0,41.0,HARD,3
1215,9133,2,55,16.0,44.0,HARD,0
1215,9133,2,44,17.0,49.0,HARD,0
1215,9133,2,27,17.0,38.0,HARD,3
1215,9133,2,4,18.0,44.0,HARD,0
1215,9133,2,16,18.0,43.0,HARD,0
1215,9133,2,81,19.0,42.0,HARD,0
1215,9133,2,3,19.0,29.0,HARD,3
1215,9133,2,14,21.0,43.0,HARD,4
1215,9133,2,1,24.0,51.0,HARD,0
1215,9133,2,11,25.0,42.0,MEDIUM,6
1215,9133,2,63,29.0,46.0,MEDIUM,0
1215,9133,3,3,30.0,69.0,MEDIUM,3
1215,9133,3,23,32.0,69.0,HARD,0
1215,9133,3,18,35.0,69.0,HARD,4
1215,9133,3,2,35.0,67.0,HARD,0
1215,9133,3,27,39.0,69.0,HARD,5
1215,9133,3,24,39.0,69.0,HARD,5
1215,9133,3,77,41.0,69.0,HARD,3
1215,9133,3,20,42.0,69.0,HARD,5
1215,9133,3,81,43.0,70.0,MEDIUM,3
1215,9133,3,11,43.0,70.0,MEDIUM,3
1215,9133,3,16,44.0,70.0,HARD,4
1215,9133,3,14,44.0,70.0,HARD,0
1215,9133,3,4,45.0,70.0,MEDIUM,3
1215,9133,3,55,45.0,70.0,HARD,3
1215,9133,3,22,45.0,69.0,MEDIUM,0
1215,9133,3,63,47.0,70.0,MEDIUM,0
1215,9133,3,44,50.0,70.0,MEDIUM,3
1215,9133,3,1,52.0,70.0,MEDIUM,3
1216,9141,1,20,1.0,5.0,SOFT,0
1216,9141,1,1,1.0,14.0,SOFT,0
1216,9141,1,10,1.0,23.0,SOFT,0
1216,9141,1,81,,,MEDIUM,0
1216,9141,1,16,1.0,13.0,SOFT,0
1216,9141,1,11,1.0,13.0,SOFT,0
1216,9141,1,22,1.0,9.0,MEDIUM,0
1216,9141,1,31,1.0,6.0,SOFT,0
1216,9141,1,77,1.0,6.0,SOFT,0
1216,9141,1,63,1.0,22.0,MEDIUM,0
1216,9141,1,18,1.0,20.0,MEDIUM,0
1216,9141,1,27,1.0,12.0,MEDIUM,0
1216,9141,1,2,1.0,8.0,SOFT,0
1216,9141,1,14,1.0,10.0,MEDIUM,0
1216,9141,1,23,1.0,7.0,SOFT,0
1216,9141,1,3,1.0,5.0,SOFT,0
1216,9141,1,44,1.0,12.0,SOFT,0
1216,9141,1,4,1.0,5.0,MEDIUM,0
1216,9141,1,55,1.0,7.0,SOFT,0
1216,9141,1,24,1.0,7.0,SOFT,0
1216,9141,2,4,6.0,17.0,HARD,0
1216,9141,2,3,6.0,22.0,MEDIUM,0
1216,9141,2,20,6.0,25.0,MEDIUM,0
1216,9141,2,31,7.0,25.0,MEDIUM,0
1216,9141,2,77,7.0,24.0,MEDIUM,0
1216,9141,2,23,8.0,23.0,MEDIUM,0
1216,9141,2,55,8.0,23.0,MEDIUM,0
1216,9141,2,24,8.0,25.0,MEDIUM,0
1216,9141,2,2,9.0,24.0,MEDIUM,0
1216,9141,2,22,10.0,24.0,MEDIUM,0
1216,9141,2,14,11.0,29.0,MEDIUM,0
1216,9141,2,44,13.0,27.0,MEDIUM,0
1216,9141,2,27,13.0,24.0,SOFT,0
1216,9141,2,11,14.0,29.0,MEDIUM,0
1216,9141,2,16,14.0,28.0,MEDIUM,0
1216,9141,2,1,15.0,30.0,MEDIUM,0
1216,9141,3,4,18.0,44.0,SOFT,0
1216,9141,2,18,21.0,44.0,SOFT,0
1216,9141,2,63,23.0,44.0,SOFT,0
1216,9141,3,3,23.0,44.0,MEDIUM,0
1216,9141,3,23,24.0,33.0,MEDIUM,0
1216,9141,2,10,24.0,44.0,MEDIUM,0
1216,9141,3,22,25.0,44.0,SOFT,0
1216,9141,3,77,25.0,44.0,MEDIUM,0
1216,9141,3,27,25.0,44.0,SOFT,0
1216,9141,3,2,25.0,34.0,MEDIUM,0
1216,9141,3,31,26.0,44.0,SOFT,0
1216,9141,3,20,26.0,44.0,MEDIUM,0
1216,9141,3,24,26.0,44.0,SOFT,0
1216,9141,3,44,28.0,42.0,SOFT,0
1216,9141,3,16,29.0,44.0,SOFT,0
1216,9141,3,11,30.0,44.0,SOFT,0
1216,9141,3,14,30.0,44.0,SOFT,0
1216,9141,3,1,31.0,44.0,SOFT,0
1216,9141,4,23,34.0,44.0,SOFT,0
1216,9141,4,2,35.0,44.0,SOFT,0
1216,9141,4,44,43.0,44.0,MEDIUM,0
1217,9149,1,14,1.0,2.0,SOFT,0
1217,9149,1,18,1.0,4.0,SOFT,0
1217,9149,1,40,1.0,1.0,SOFT,0
1217,9149,1,27,1.0,16.0,SOFT,0
1217,9149,1,20,1.0,1.0,SOFT,0
1217,9149,1,22,1.0,1.0,SOFT,0
1217,9149,1,24,1.0,1.0,SOFT,0
1217,9149,1,10,1.0,1.0,SOFT,0
1217,9149,1,1,1.0,2.0,SOFT,0
1217,9149,1,81,1.0,15.0,SOFT,0
1217,9149,1,63,1.0,4.0,SOFT,0
1217,9149,1,23,1.0,44.0,SOFT,0
1217,9149,1,16,1.0,1.0,SOFT,0
1217,9149,1,44,1.0,3.0,MEDIUM,0
1217,9149,1,11,1.0,1.0,SOFT,0
1217,9149,1,31,1.0,2.0,SOFT,0
1217,9149,1,2,1.0,14.0,SOFT,0
1217,9149,1,4,1.0,3.0,SOFT,0
1217,9149,1,55,1.0,2.0,SOFT,0
1217,9149,1,77,1.0,16.0,SOFT,0
1217,9149,2,11,2.0,12.0,INTERMEDIATE,0
1217,9149,2,24,2.0,10.0,INTERMEDIATE,0
1217,9149,2,10,2.0,11.0,INTERMEDIATE,0
1217,9149,2,22,2.0,10.0,INTERMEDIATE,5
1217,9149,2,16,2.0,11.0,INTERMEDIATE,8
1217,9149,2,20,2.0,9.0,INTERMEDIATE,0
1217,9149,2,40,2.0,10.0,INTERMEDIATE,5
1217,9149,2,1,3.0,11.0,INTERMEDIATE,0
1217,9149,2,14,3.0,10.0,INTERMEDIATE,0
1217,9149,2,55,3.0,10.0,INTERMEDIATE,7
1217,9149,2,31,3.0,10.0,INTERMEDIATE,0
1217,9149,2,4,4.0,10.0,INTERMEDIATE,0
1217,9149,2,44,4.0,9.0,INTERMEDIATE,0
1217,9149,2,63,5.0,10.0,INTERMEDIATE,0
1217,9149,2,18,5.0,9.0,INTERMEDIATE,0
1217,9149,3,20,10.0,35.0,SOFT,0
1217,9149,3,44,10.0,45.0,SOFT,0
1217,9149,3,18,10.0,16.0,SOFT,0
1217,9149,3,24,11.0,37.0,MEDIUM,0
1217,9149,3,14,11.0,48.0,SOFT,0
1217,9149,3,55,11.0,41.0,SOFT,0
1217,9149,3,22,11.0,60.0,SOFT,0
1217,9149,3,31,11.0,43.0,SOFT,0
1217,9149,3,4,11.0,42.0,SOFT,0
1217,9149,3,40,11.0,17.0,SOFT,0
1217,9149,3,63,11.0,16.0,SOFT,0
1217,9149,3,1,12.0,49.0,SOFT,0
1217,9149,3,10,12.0,46.0,SOFT,0
1217,9149,3,16,12.0,41.0,SOFT,0
1217,9149,3,11,13.0,45.0,SOFT,0
1217,9149,2,81,16.0,46.0,SOFT,0
1217,9149,2,77,17.0,47.0,MEDIUM,0
1217,9149,2,27,17.0,48.0,MEDIUM,0
1217,9149,4,63,17.0,60.0,HARD,0
1217,9149,4,18,17.0,34.0,MEDIUM,0
1217,9149,4,40,18.0,46.0,MEDIUM,0
1217,9149,5,18,35.0,60.0,SOFT,0
1217,9149,4,20,36.0,60.0,MEDIUM,0
1217,9149,4,24,38.0,60.0,SOFT,0
1217,9149,4,55,42.0,60.0,SOFT,2
1217,9149,4,4,43.0,60.0,SOFT,3
1217,9149,4,31,44.0,61.0,SOFT,0
1217,9149,2,23,45.0,61.0,MEDIUM,0
1217,9149,4,11,46.0,60.0,SOFT,1
1217,9149,4,44,46.0,60.0,SOFT,3
1217,9149,4,10,47.0,60.0,SOFT,0
1217,9149,3,81,47.0,60.0,MEDIUM,0
1217,9149,5,40,47.0,59.0,SOFT,0
1217,9149,3,77,48.0,59.0,SOFT,0
1217,9149,4,14,49.0,61.0,SOFT,2
1217,9149,3,27,49.0,60.0,SOFT,0
1217,9149,4,1,50.0,61.0,SOFT,1
1217,9149,4,77,60.0,63.0,INTERMEDIATE,0
1217,9149,6,40,60.0,63.0,INTERMEDIATE,7
1217,9149,5,11,61.0,63.0,INTERMEDIATE,6
1217,9149,5,55,61.0,64.0,INTERMEDIATE,15
1217,9149,5,10,61.0,64.0,INTERMEDIATE,0
1217,9149,5,44,61.0,64.0,INTERMEDIATE,6
1217,9149,5,63,61.0,63.0,INTERMEDIATE,12
1217,9149,5,4,61.0,63.0,INTERMEDIATE,4
1217,9149,4,81,61.0,63.0,INTERMEDIATE,5
1217,9149,4,22,61.0,63.0,INTERMEDIATE,5
1217,9149,5,24,61.0,62.0,INTERMEDIATE,0
1217,9149,6,18,61.0,63.0,INTERMEDIATE,5
1217,9149,4,27,61.0,63.0,INTERMEDIATE,3
1217,9149,5,1,62.0,63.0,INTERMEDIATE,12
1217,9149,5,20,61.0,63.0,INTERMEDIATE,0
1217,9149,5,14,62.0,64.0,INTERMEDIATE,3
1217,9149,3,23,62.0,63.0,INTERMEDIATE,5
1217,9149,5,31,62.0,63.0,WET,0
1217,9149,6,1,64.0,64.0,WET,0
1217,9149,6,11,64.0,64.0,INTERMEDIATE,6
1217,9149,6,4,64.0,64.0,INTERMEDIATE,11
1217,9149,6,63,64.0,64.0,INTERMEDIATE,5
1217,9149,4,23,64.0,64.0,INTERMEDIATE,5
1217,9149,5,81,64.0,64.0,INTERMEDIATE,4
1217,9149,5,22,64.0,64.0,INTERMEDIATE,5
1217,9149,6,31,64.0,64.0,INTERMEDIATE,0
1217,9149,7,18,64.0,64.0,INTERMEDIATE,5
1217,9149,5,27,64.0,64.0,INTERMEDIATE,4
1217,9149,7,40,64.0,64.0,INTERMEDIATE,0
1217,9149,5,77,64.0,64.0,INTERMEDIATE,0
1217,9149,6,20,64.0,64.0,INTERMEDIATE,3
1217,9149,7,1,65.0,72.0,INTERMEDIATE,4
1217,9149,6,14,65.0,72.0,INTERMEDIATE,6
1217,9149,6,10,65.0,72.0,INTERMEDIATE,4
1217,9149,7,11,65.0,72.0,INTERMEDIATE,7
1217,9149,6,55,65.0,72.0,INTERMEDIATE,4
1217,9149,6,44,65.0,72.0,INTERMEDIATE,6
1217,9149,7,4,65.0,72.0,INTERMEDIATE,12
1217,9149,7,63,65.0,67.0,INTERMEDIATE,0
1217,9149,5,23,65.0,72.0,INTERMEDIATE,6
1217,9149,6,81,65.0,72.0,INTERMEDIATE,5
1217,9149,7,31,65.0,72.0,INTERMEDIATE,1
1217,9149,6,22,65.0,72.0,INTERMEDIATE,6
1217,9149,6,27,65.0,72.0,INTERMEDIATE,5
1217,9149,8,18,65.0,72.0,INTERMEDIATE,0
1217,9149,6,77,65.0,72.0,INTERMEDIATE,0
1217,9149,8,40,65.0,72.0,INTERMEDIATE,8
1217,9149,7,20,65.0,72.0,INTERMEDIATE,4
1217,9149,8,63,68.0,72.0,INTERMEDIATE,15
1218,9157,1,20,1.0,12.0,HARD,4
1218,9157,1,40,1.0,13.0,MEDIUM,3
1218,9157,1,1,1.0,20.0,MEDIUM,0
1218,9157,1,16,1.0,20.0,MEDIUM,0
1218,9157,1,22,,,MEDIUM,3
1218,9157,1,11,1.0,21.0,MEDIUM,0
1218,9157,1,31,1.0,24.0,MEDIUM,0
1218,9157,1,77,1.0,25.0,HARD,3
1218,9157,1,63,1.0,19.0,MEDIUM,0
1218,9157,1,18,1.0,20.0,MEDIUM,0
1218,9157,1,27,1.0,14.0,MEDIUM,3
1218,9157,1,2,1.0,14.0,MEDIUM,3
1218,9157,1,14,1.0,21.0,MEDIUM,0
1218,9157,1,23,1.0,15.0,MEDIUM,3
1218,9157,1,55,1.0,19.0,MEDIUM,0
1218,9157,1,24,1.0,11.0,MEDIUM,0
1218,9157,1,10,1.0,10.0,MEDIUM,0
1218,9157,1,44,1.0,27.0,HARD,3
1218,9157,1,81,1.0,23.0,MEDIUM,0
1218,9157,1,4,1.0,22.0,MEDIUM,0
1218,9157,2,10,11.0,31.0,HARD,3
1218,9157,2,24,12.0,33.0,HARD,3
1218,9157,2,20,13.0,33.0,MEDIUM,0
1218,9157,2,40,14.0,33.0,HARD,3
1218,9157,2,2,15.0,51.0,HARD,3
1218,9157,2,27,15.0,39.0,HARD,5
1218,9157,2,23,16.0,51.0,HARD,3
1218,9157,2,63,20.0,51.0,HARD,0
1218,9157,2,55,20.0,51.0,HARD,0
1218,9157,2,1,21.0,51.0,HARD,0
1218,9157,2,16,21.0,51.0,HARD,0
1218,9157,2,18,21.0,51.0,HARD,4
1218,9157,2,11,22.0,51.0,HARD,0
1218,9157,2,14,22.0,51.0,HARD,3
1218,9157,2,4,23.0,51.0,HARD,4
1218,9157,2,81,24.0,41.0,HARD,5
1218,9157,2,31,25.0,39.0,HARD,3
1218,9157,2,77,26.0,51.0,MEDIUM,3
1218,9157,2,44,28.0,51.0,MEDIUM,0
1218,9157,3,10,32.0,51.0,MEDIUM,0
1218,9157,3,40,34.0,51.0,MEDIUM,0
1218,9157,3,24,34.0,51.0,MEDIUM,0
1218,9157,3,20,34.0,50.0,MEDIUM,0
1218,9157,3,27,40.0,50.0,MEDIUM,3
1218,9157,3,81,42.0,51.0,MEDIUM,3
1219,9165,1,10,1.0,20.0,MEDIUM,0
1219,9165,1,81,1.0,20.0,MEDIUM,0
1219,9165,1,16,1.0,20.0,SOFT,3
1219,9165,1,11,1.0,39.0,HARD,0
1219,9165,1,22,,,SOFT,0
1219,9165,1,31,1.0,20.0,MEDIUM,0
1219,9165,1,77,1.0,40.0,HARD,0
1219,9165,1,63,1.0,20.0,MEDIUM,0
1219,9165,1,27,1.0,20.0,MEDIUM,0
1219,9165,1,2,1.0,19.0,MEDIUM,0
1219,9165,1,23,1.0,20.0,MEDIUM,0
1219,9165,1,4,1.0,20.0,MEDIUM,0
1219,9165,1,55,1.0,20.0,MEDIUM,0
1219,9165,1,44,1.0,20.0,MEDIUM,0
1219,9165,1,24,1.0,2.0,SOFT,0
1219,9165,1,14,1.0,20.0,MEDIUM,0
1219,9165,1,20,1.0,20.0,MEDIUM,0
1219,9165,1,40,1.0,20.0,MEDIUM,0
1219,9165,1,1,1.0,40.0,HARD,0
1219,9165,2,24,3.0,20.0,HARD,0
1219,9165,2,55,21.0,62.0,HARD,0
1219,9165,2,2,20.0,43.0,HARD,0
1219,9165,2,63,21.0,44.0,HARD,0
1219,9165,2,16,21.0,62.0,HARD,0
1219,9165,2,4,21.0,62.0,HARD,0
1219,9165,2,44,21.0,44.0,HARD,0
1219,9165,2,14,21.0,44.0,HARD,0
1219,9165,2,31,21.0,42.0,HARD,0
1219,9165,2,20,21.0,43.0,HARD,0
1219,9165,2,81,21.0,62.0,HARD,0
1219,9165,2,40,21.0,62.0,HARD,0
1219,9165,2,27,21.0,62.0,HARD,0
1219,9165,2,10,21.0,62.0,HARD,0
1219,9165,2,23,21.0,43.0,HARD,0
1219,9165,3,24,21.0,62.0,MEDIUM,0
1219,9165,2,11,40.0,62.0,MEDIUM,0
1219,9165,2,1,41.0,62.0,MEDIUM,0
1219,9165,2,77,41.0,51.0,MEDIUM,0
1219,9165,3,23,44.0,62.0,MEDIUM,0
1219,9165,3,20,44.0,62.0,SOFT,3
1219,9165,3,2,44.0,62.0,MEDIUM,0
1219,9165,3,63,45.0,61.0,MEDIUM,0
1219,9165,3,44,45.0,62.0,MEDIUM,0
1219,9165,3,14,45.0,62.0,SOFT,2
1220,9173,1,20,1.0,12.0,MEDIUM,0
1220,9173,1,40,1.0,10.0,SOFT,0
1220,9173,1,2,1.0,2.0,MEDIUM,0
1220,9173,1,22,1.0,9.0,SOFT,3
1220,9173,1,10,1.0,18.0,MEDIUM,0
1220,9173,1,23,1.0,1.0,MEDIUM,0
1220,9173,1,27,1.0,8.0,SOFT,0
1220,9173,1,55,1.0,18.0,MEDIUM,0
1220,9173,1,11,1.0,2.0,MEDIUM,0
1220,9173,1,24,1.0,1.0,SOFT,0
1220,9173,1,4,1.0,17.0,MEDIUM,0
1220,9173,1,44,1.0,16.0,MEDIUM,0
1220,9173,1,31,1.0,1.0,MEDIUM,0
1220,9173,1,77,1.0,1.0,SOFT,0
1220,9173,1,63,1.0,24.0,MEDIUM,0
1220,9173,1,1,1.0,16.0,MEDIUM,0
1220,9173,1,81,1.0,13.0,MEDIUM,0
1220,9173,1,14,1.0,11.0,SOFT,3
1220,9173,1,16,1.0,17.0,MEDIUM,0
1220,9173,1,18,1.0,14.0,SOFT,0
1220,9173,2,31,2.0,28.0,HARD,0
1220,9173,2,24,2.0,10.0,SOFT,0
1220,9173,2,23,2.0,13.0,MEDIUM,0
1220,9173,2,77,2.0,6.0,SOFT,0
1220,9173,2,11,3.0,12.0,HARD,0
1220,9173,2,2,3.0,5.0,MEDIUM,2
1220,9173,3,2,6.0,21.0,MEDIUM,0
1220,9173,3,77,7.0,7.0,HARD,0
1220,9173,2,27,9.0,21.0,MEDIUM,0
1220,9173,2,22,10.0,30.0,MEDIUM,0
1220,9173,2,40,11.0,25.0,MEDIUM,0
1220,9173,3,24,11.0,29.0,SOFT,0
1220,9173,2,14,12.0,25.0,HARD,0
1220,9173,2,20,13.0,31.0,HARD,0
1220,9173,3,11,13.0,13.0,SOFT,3
1220,9173,2,81,14.0,35.0,HARD,0
1220,9173,3,23,14.0,26.0,SOFT,0
1220,9173,2,18,15.0,20.0,MEDIUM,0
1220,9173,2,1,17.0,37.0,MEDIUM,0
1220,9173,2,44,17.0,34.0,HARD,0
1220,9173,2,4,18.0,36.0,HARD,0
1220,9173,2,16,18.0,34.0,MEDIUM,0
1220,9173,2,55,19.0,38.0,MEDIUM,0
1220,9173,2,10,19.0,34.0,HARD,0
1220,9173,3,27,22.0,37.0,HARD,0
1220,9173,4,2,22.0,22.0,HARD,0
1220,9173,2,63,25.0,53.0,HARD,0
1220,9173,3,14,26.0,53.0,HARD,0
1220,9173,3,40,26.0,52.0,HARD,0
1220,9173,3,31,29.0,53.0,HARD,0
1220,9173,4,24,30.0,52.0,HARD,0
1220,9173,3,22,31.0,52.0,HARD,0
1220,9173,3,20,32.0,52.0,HARD,0
1220,9173,3,16,35.0,53.0,HARD,0
1220,9173,3,44,35.0,53.0,HARD,0
1220,9173,3,10,35.0,53.0,HARD,0
1220,9173,3,81,36.0,53.0,HARD,0
1220,9173,3,4,37.0,53.0,HARD,0
1220,9173,3,1,38.0,53.0,HARD,0
1220,9173,4,27,38.0,52.0,MEDIUM,0
1220,9173,3,55,39.0,53.0,HARD,0
1220,9173,4,11,14.0,14.0,SOFT,3
1220,9173,5,11,15.0,15.0,SOFT,6
1221,9221,1,24,1.0,18.0,MEDIUM,0
1221,9221,1,4,1.0,13.0,MEDIUM,7
1221,9221,1,44,,,SOFT,0
1221,9221,1,10,1.0,11.0,MEDIUM,7
1221,9221,1,81,1.0,12.0,MEDIUM,6
1221,9221,1,31,1.0,10.0,MEDIUM,7
1221,9221,1,20,1.0,3.0,SOFT,0
1221,9221,1,40,1.0,3.0,SOFT,0
1221,9221,1,77,1.0,3.0,SOFT,3
1221,9221,1,1,1.0,17.0,MEDIUM,3
1221,9221,1,16,1.0,12.0,MEDIUM,8
1221,9221,1,11,1.0,17.0,HARD,0
1221,9221,1,22,1.0,9.0,MEDIUM,0
1221,9221,1,63,1.0,1.0,MEDIUM,7
1221,9221,1,18,1.0,3.0,MEDIUM,8
1221,9221,1,27,1.0,13.0,MEDIUM,7
1221,9221,1,2,1.0,13.0,MEDIUM,0
1221,9221,1,14,1.0,11.0,MEDIUM,5
1221,9221,1,23,1.0,18.0,MEDIUM,0
1221,9221,2,63,2.0,14.0,MEDIUM,7
1221,9221,2,77,4.0,21.0,MEDIUM,0
1221,9221,2,40,4.0,21.0,HARD,0
1221,9221,2,20,4.0,21.0,MEDIUM,0
1221,9221,2,18,4.0,21.0,MEDIUM,0
1221,9221,2,22,10.0,22.0,MEDIUM,0
1221,9221,2,31,11.0,25.0,MEDIUM,5
1221,9221,2,14,12.0,26.0,MEDIUM,5
1221,9221,2,10,12.0,26.0,MEDIUM,5
1221,9221,2,16,13.0,25.0,MEDIUM,0
1221,9221,2,81,13.0,25.0,MEDIUM,7
1221,9221,2,4,14.0,27.0,MEDIUM,6
1221,9221,2,2,14.0,26.0,MEDIUM,0
1221,9221,2,27,14.0,27.0,HARD,0
1221,9221,3,63,15.0,32.0,MEDIUM,0
1221,9221,2,1,18.0,34.0,MEDIUM,3
1221,9221,2,11,18.0,31.0,MEDIUM,6
1221,9221,2,23,19.0,31.0,MEDIUM,0
1221,9221,2,24,19.0,35.0,HARD,0
1221,9221,3,77,22.0,39.0,HARD,0
1221,9221,3,18,22.0,39.0,HARD,0
1221,9221,3,40,22.0,39.0,HARD,0
1221,9221,3,20,22.0,39.0,HARD,0
1221,9221,3,22,23.0,40.0,HARD,0
1221,9221,3,81,26.0,43.0,MEDIUM,0
1221,9221,3,31,26.0,43.0,HARD,0
1221,9221,3,16,26.0,43.0,HARD,0
1221,9221,3,14,27.0,44.0,HARD,0
1221,9221,3,10,27.0,44.0,HARD,0
1221,9221,3,2,27.0,40.0,HARD,0
1221,9221,3,4,28.0,44.0,MEDIUM,0
1221,9221,3,27,28.0,39.0,MEDIUM,6
1221,9221,3,11,32.0,43.0,MEDIUM,0
1221,9221,3,23,32.0,44.0,HARD,0
1221,9221,4,63,33.0,50.0,HARD,0
1221,9221,3,1,35.0,51.0,HARD,0
1221,9221,3,24,36.0,52.0,HARD,0
1221,9221,4,77,40.0,57.0,HARD,1
1221,9221,4,18,40.0,57.0,MEDIUM,0
1221,9221,4,20,40.0,56.0,HARD,0
1221,9221,4,40,40.0,56.0,MEDIUM,0
1221,9221,4,27,40.0,56.0,HARD,0
1221,9221,4,22,41.0,56.0,HARD,0
1221,9221,4,81,44.0,57.0,HARD,0
1221,9221,4,16,44.0,57.0,MEDIUM,0
1221,9221,4,31,44.0,57.0,MEDIUM,0
1221,9221,4,11,44.0,57.0,MEDIUM,0
1221,9221,4,4,45.0,57.0,HARD,0
1221,9221,4,14,45.0,57.0,MEDIUM,0
1221,9221,4,10,45.0,57.0,MEDIUM,0
1221,9221,4,23,45.0,57.0,HARD,0
1221,9221,5,63,51.0,57.0,SOFT,3
1221,9221,4,1,52.0,57.0,MEDIUM,0
1221,9221,4,24,53.0,57.0,SOFT,0
1222,9213,1,14,1.0,19.0,MEDIUM,0
1222,9213,1,3,1.0,22.0,MEDIUM,0
1222,9213,1,23,1.0,10.0,MEDIUM,3
1222,9213,1,4,1.0,17.0,MEDIUM,0
1222,9213,1,55,1.0,17.0,MEDIUM,0
1222,9213,1,24,1.0,9.0,MEDIUM,0
1222,9213,1,44,1.0,20.0,MEDIUM,0
1222,9213,1,10,1.0,18.0,MEDIUM,0
1222,9213,1,81,1.0,10.0,MEDIUM,0
1222,9213,1,31,1.0,6.0,MEDIUM,0
1222,9213,1,20,1.0,10.0,MEDIUM,0
1222,9213,1,77,1.0,10.0,MEDIUM,0
1222,9213,1,1,1.0,16.0,MEDIUM,0
1222,9213,1,16,1.0,23.0,MEDIUM,0
1222,9213,1,27,1.0,19.0,HARD,0
1222,9213,1,2,1.0,11.0,MEDIUM,0
1222,9213,1,22,1.0,17.0,MEDIUM,0
1222,9213,1,11,1.0,17.0,MEDIUM,0
1222,9213,1,18,1.0,20.0,HARD,0
1222,9213,1,63,1.0,21.0,MEDIUM,0
1222,9213,2,24,10.0,27.0,HARD,0
1222,9213,2,23,11.0,29.0,HARD,0
1222,9213,2,77,11.0,28.0,HARD,0
1222,9213,2,20,11.0,29.0,HARD,0
1222,9213,2,2,12.0,32.0,HARD,0
1222,9213,2,1,17.0,35.0,MEDIUM,0
1222,9213,2,4,18.0,34.0,HARD,0
1222,9213,2,55,18.0,35.0,MEDIUM,0
1222,9213,2,11,18.0,37.0,MEDIUM,0
1222,9213,2,22,18.0,34.0,HARD,0
1222,9213,2,10,19.0,37.0,MEDIUM,0
1222,9213,2,14,20.0,42.0,MEDIUM,0
1222,9213,2,27,20.0,34.0,MEDIUM,0
1222,9213,2,44,21.0,38.0,HARD,0
1222,9213,2,18,21.0,40.0,MEDIUM,0
1222,9213,2,63,22.0,39.0,HARD,0
1222,9213,2,3,23.0,47.0,HARD,0
1222,9213,2,16,24.0,56.0,HARD,0
1222,9213,3,24,28.0,55.0,HARD,0
1222,9213,3,77,29.0,56.0,HARD,0
1222,9213,3,23,30.0,56.0,MEDIUM,6
1222,9213,3,20,30.0,55.0,MEDIUM,0
1222,9213,3,2,33.0,56.0,MEDIUM,0
1222,9213,3,4,35.0,56.0,HARD,0
1222,9213,3,22,35.0,54.0,MEDIUM,0
1222,9213,3,27,35.0,56.0,MEDIUM,6
1222,9213,3,1,36.0,56.0,HARD,0
1222,9213,3,55,36.0,56.0,HARD,0
1222,9213,3,11,38.0,56.0,HARD,0
1222,9213,3,10,38.0,56.0,HARD,0
1222,9213,3,44,39.0,56.0,MEDIUM,0
1222,9213,3,63,40.0,56.0,MEDIUM,0
1222,9213,3,18,41.0,56.0,MEDIUM,0
1222,9213,3,14,43.0,49.0,HARD,0
1222,9213,3,3,48.0,55.0,SOFT,0
1222,9213,4,22,55.0,56.0,SOFT,0
1223,9181,1,18,1.0,30.0,MEDIUM,1
1223,9181,1,23,1.0,33.0,HARD,0
1223,9181,1,27,1.0,23.0,MEDIUM,0
1223,9181,1,22,1.0,9.0,MEDIUM,0
1223,9181,1,20,1.0,23.0,MEDIUM,0
1223,9181,1,11,1.0,1.0,MEDIUM,0
1223,9181,1,2,1.0,22.0,MEDIUM,0
1223,9181,1,31,1.0,34.0,HARD,0
1223,9181,1,55,1.0,30.0,MEDIUM,0
1223,9181,1,24,1.0,21.0,MEDIUM,0
1223,9181,1,44,1.0,24.0,MEDIUM,0
1223,9181,1,14,1.0,29.0,MEDIUM,1
1223,9181,1,1,1.0,19.0,MEDIUM,0
1223,9181,1,3,1.0,27.0,MEDIUM,0
1223,9181,1,63,1.0,26.0,MEDIUM,0
1223,9181,1,10,1.0,28.0,MEDIUM,0
1223,9181,1,77,1.0,31.0,MEDIUM,0
1223,9181,1,16,1.0,31.0,MEDIUM,0
1223,9181,1,4,1.0,11.0,SOFT,0
1223,9181,1,81,1.0,25.0,MEDIUM,0
1223,9181,2,22,10.0,34.0,HARD,0
1223,9181,2,4,12.0,33.0,HARD,0
1223,9181,2,1,20.0,33.0,HARD,0
1223,9181,2,24,22.0,34.0,HARD,0
1223,9181,2,2,23.0,34.0,HARD,0
1223,9181,2,27,24.0,34.0,HARD,0
1223,9181,2,20,24.0,31.0,HARD,0
1223,9181,2,44,25.0,34.0,HARD,0
1223,9181,2,81,26.0,34.0,HARD,0
1223,9181,2,63,27.0,34.0,HARD,0
1223,9181,2,3,28.0,34.0,HARD,0
1223,9181,2,10,29.0,34.0,HARD,0
1223,9181,2,14,30.0,34.0,HARD,1
1223,9181,2,55,31.0,34.0,HARD,0
1223,9181,2,18,31.0,34.0,HARD,1
1223,9181,2,16,32.0,34.0,HARD,0
1223,9181,2,77,32.0,34.0,HARD,0
1223,9181,3,1,34.0,34.0,HARD,0
1223,9181,3,4,34.0,34.0,MEDIUM,0
1223,9181,2,23,34.0,34.0,MEDIUM,0
1223,9181,4,1,35.0,71.0,HARD,1
1223,9181,3,16,35.0,71.0,HARD,3
1223,9181,3,44,35.0,71.0,MEDIUM,4
1223,9181,3,55,35.0,71.0,HARD,4
1223,9181,3,81,35.0,71.0,MEDIUM,3
1223,9181,3,3,35.0,71.0,HARD,7
1223,9181,3,63,35.0,71.0,MEDIUM,5
1223,9181,3,22,35.0,71.0,HARD,0
1223,9181,3,27,35.0,71.0,MEDIUM,0
1223,9181,4,4,35.0,71.0,MEDIUM,1
1223,9181,3,10,35.0,71.0,HARD,6
1223,9181,3,23,35.0,71.0,MEDIUM,1
1223,9181,3,24,35.0,71.0,HARD,13
1223,9181,2,31,35.0,71.0,MEDIUM,0
1223,9181,3,2,35.0,70.0,MEDIUM,0
1223,9181,3,18,35.0,66.0,HARD,5
1223,9181,3,77,35.0,71.0,HARD,3
1223,9181,3,14,35.0,47.0,HARD,6
1224,9205,1,3,1.0,1.0,SOFT,0
1224,9205,1,23,,,SOFT,3
1224,9205,1,63,1.0,1.0,SOFT,3
1224,9205,1,18,1.0,1.0,SOFT,0
1224,9205,1,4,1.0,1.0,SOFT,3
1224,9205,1,24,1.0,1.0,SOFT,0
1224,9205,1,44,1.0,1.0,SOFT,3
1224,9205,1,14,1.0,1.0,SOFT,3
1224,9205,1,20,,,SOFT,0
1224,9205,1,55,1.0,1.0,SOFT,2
1224,9205,1,10,1.0,1.0,SOFT,2
1224,9205,1,81,1.0,1.0,SOFT,2
1224,9205,1,16,,,SOFT,0
1224,9205,1,11,1.0,1.0,SOFT,3
1224,9205,1,31,1.0,1.0,SOFT,3
1224,9205,1,77,1.0,1.0,SOFT,0
1224,9205,1,1,1.0,1.0,SOFT,3
1224,9205,1,2,1.0,1.0,MEDIUM,0
1224,9205,1,27,1.0,1.0,SOFT,0
1224,9205,1,22,1.0,1.0,SOFT,3
1224,9205,2,1,2.0,2.0,SOFT,0
1224,9205,2,44,2.0,2.0,SOFT,4
1224,9205,2,4,2.0,2.0,SOFT,0
1224,9205,2,18,2.0,2.0,SOFT,1
1224,9205,2,14,2.0,2.0,SOFT,4
1224,9205,2,11,2.0,2.0,SOFT,0
1224,9205,2,63,2.0,2.0,SOFT,4
1224,9205,2,55,2.0,2.0,SOFT,3
1224,9205,2,31,2.0,2.0,SOFT,4
1224,9205,2,77,2.0,2.0,SOFT,1
1224,9205,2,22,2.0,2.0,SOFT,4
1224,9205,2,10,2.0,2.0,SOFT,3
1224,9205,2,24,2.0,2.0,SOFT,1
1224,9205,2,2,2.0,2.0,MEDIUM,1
1224,9205,2,27,2.0,2.0,MEDIUM,0
1224,9205,3,1,3.0,27.0,SOFT,3
1224,9205,3,4,3.0,27.0,SOFT,0
1224,9205,3,44,3.0,18.0,SOFT,3
1224,9205,3,14,3.0,25.0,SOFT,3
1224,9205,3,18,3.0,22.0,SOFT,3
1224,9205,3,63,3.0,19.0,SOFT,3
1224,9205,3,11,3.0,20.0,SOFT,3
1224,9205,3,55,3.0,26.0,SOFT,4
1224,9205,3,31,3.0,14.0,SOFT,3
1224,9205,3,22,3.0,26.0,SOFT,0
1224,9205,3,10,3.0,26.0,SOFT,3
1224,9205,3,77,3.0,18.0,SOFT,0
1224,9205,3,24,3.0,15.0,SOFT,0
1224,9205,3,2,3.0,17.0,SOFT,0
1224,9205,3,27,3.0,21.0,SOFT,3
1224,9205,2,81,2.0,2.0,MEDIUM,0
1224,9205,2,3,2.0,2.0,SOFT,3
1224,9205,3,81,3.0,24.0,MEDIUM,1
1224,9205,3,3,3.0,26.0,SOFT,4
1224,9205,4,31,15.0,31.0,MEDIUM,0
1224,9205,4,24,16.0,22.0,MEDIUM,0
1224,9205,4,2,18.0,44.0,SOFT,0
1224,9205,4,44,19.0,46.0,MEDIUM,0
1224,9205,4,77,19.0,39.0,MEDIUM,0
1224,9205,4,63,20.0,45.0,MEDIUM,0
1224,9205,4,11,21.0,46.0,MEDIUM,0
1224,9205,4,27,22.0,46.0,SOFT,3
1224,9205,4,18,23.0,52.0,MEDIUM,0
1224,9205,4,14,26.0,47.0,MEDIUM,0
1224,9205,4,81,25.0,52.0,SOFT,2
1224,9205,4,55,27.0,51.0,MEDIUM,0
1224,9205,4,10,27.0,46.0,MEDIUM,0
1224,9205,4,22,27.0,55.0,MEDIUM,0
1224,9205,4,1,28.0,56.0,MEDIUM,0
1224,9205,4,4,28.0,59.0,MEDIUM,3
1224,9205,4,3,27.0,55.0,MEDIUM,0
1224,9205,5,31,32.0,51.0,SOFT,3
1224,9205,5,2,45.0,70.0,SOFT,0
1224,9205,5,63,46.0,57.0,SOFT,3
1224,9205,5,11,47.0,71.0,SOFT,3
1224,9205,5,44,47.0,71.0,SOFT,3
1224,9205,5,10,47.0,71.0,SOFT,0
1224,9205,5,27,47.0,70.0,SOFT,0
1224,9205,5,14,48.0,71.0,SOFT,0
1224,9205,5,55,52.0,71.0,SOFT,3
1224,9205,6,31,52.0,70.0,SOFT,0
1224,9205,5,18,53.0,71.0,SOFT,2
1224,9205,5,81,53.0,69.0,SOFT,5
1224,9205,5,22,56.0,71.0,SOFT,0
1224,9205,5,1,57.0,71.0,SOFT,0
1224,9205,5,3,56.0,70.0,SOFT,0
1224,9205,5,4,60.0,71.0,SOFT,3
1225,9189,1,10,1.0,17.0,MEDIUM,0
1225,9189,1,81,1.0,16.0,HARD,1
1225,9189,1,16,1.0,21.0,MEDIUM,0
1225,9189,1,11,1.0,1.0,MEDIUM,0
1225,9189,1,31,1.0,20.0,MEDIUM,0
1225,9189,1,77,1.0,1.0,MEDIUM,0
1225,9189,1,63,1.0,15.0,MEDIUM,0
1225,9189,1,1,1.0,16.0,MEDIUM,0
1225,9189,1,27,1.0,12.0,MEDIUM,0
1225,9189,1,22,1.0,10.0,SOFT,0
1225,9189,1,2,1.0,15.0,MEDIUM,0
1225,9189,1,3,1.0,17.0,MEDIUM,0
1225,9189,1,23,1.0,16.0,MEDIUM,0
1225,9189,1,18,1.0,3.0,SOFT,4
1225,9189,1,55,1.0,3.0,MEDIUM,0
1225,9189,1,44,1.0,17.0,HARD,0
1225,9189,1,4,1.0,2.0,MEDIUM,1
1225,9189,1,24,1.0,26.0,HARD,0
1225,9189,1,14,1.0,1.0,MEDIUM,0
1225,9189,1,20,1.0,14.0,MEDIUM,0
1225,9189,2,11,2.0,26.0,HARD,0
1225,9189,2,14,2.0,26.0,HARD,0
1225,9189,2,77,2.0,24.0,HARD,0
1225,9189,2,18,4.0,26.0,HARD,1
1225,9189,2,55,4.0,26.0,HARD,0
1225,9189,2,22,11.0,21.0,MEDIUM,0
1225,9189,2,27,13.0,26.0,HARD,0
1225,9189,2,20,15.0,26.0,HARD,0
1225,9189,2,63,16.0,26.0,HARD,0
1225,9189,2,2,16.0,50.0,HARD,0
1225,9189,2,1,17.0,26.0,HARD,0
1225,9189,2,23,17.0,50.0,HARD,0
1225,9189,2,81,17.0,43.0,HARD,1
1225,9189,2,10,18.0,50.0,HARD,0
1225,9189,2,3,18.0,50.0,HARD,0
1225,9189,2,44,18.0,26.0,MEDIUM,0
1225,9189,2,31,21.0,50.0,HARD,0
1225,9189,2,16,22.0,50.0,HARD,0
1225,9189,3,22,22.0,46.0,HARD,0
1225,9189,3,77,25.0,50.0,MEDIUM,0
1225,9189,3,11,27.0,50.0,HARD,0
1225,9189,3,1,27.0,50.0,HARD,0
1225,9189,3,18,27.0,50.0,HARD,0
1225,9189,3,55,27.0,50.0,HARD,0
1225,9189,3,63,27.0,50.0,HARD,0
1225,9189,3,14,27.0,50.0,HARD,0
1225,9189,2,24,27.0,50.0,MEDIUM,0
1225,9189,3,20,27.0,50.0,HARD,0
1225,9189,3,27,27.0,45.0,HARD,0
1225,9189,3,44,27.0,50.0,HARD,0
1225,9189,3,81,44.0,50.0,MEDIUM,1
1226,9197,1,20,1.0,5.0,MEDIUM,0
1226,9197,1,11,1.0,17.0,MEDIUM,0
1226,9197,1,44,1.0,15.0,MEDIUM,0
1226,9197,1,4,1.0,14.0,MEDIUM,0
1226,9197,1,24,1.0,13.0,MEDIUM,0
1226,9197,1,31,1.0,15.0,MEDIUM,0
1226,9197,1,22,1.0,22.0,MEDIUM,0
1226,9197,1,55,1.0,23.0,HARD,0
1226,9197,1,3,1.0,7.0,MEDIUM,0
1226,9197,1,63,1.0,14.0,MEDIUM,0
1226,9197,1,77,1.0,29.0,HARD,0
1226,9197,1,10,1.0,17.0,MEDIUM,0
1226,9197,1,1,1.0,16.0,MEDIUM,0
1226,9197,1,81,1.0,13.0,MEDIUM,0
1226,9197,1,14,1.0,12.0,MEDIUM,0
1226,9197,1,16,1.0,17.0,MEDIUM,0
1226,9197,1,27,1.0,13.0,MEDIUM,0
1226,9197,1,18,1.0,22.0,HARD,1
1226,9197,1,23,1.0,16.0,MEDIUM,1
1226,9197,1,2,1.0,15.0,MEDIUM,1
1226,9197,2,20,6.0,22.0,HARD,0
1226,9197,2,3,8.0,31.0,HARD,0
1226,9197,2,14,13.0,36.0,HARD,1
1226,9197,2,81,14.0,36.0,HARD,0
1226,9197,2,27,14.0,33.0,HARD,0
1226,9197,2,24,14.0,37.0,HARD,0
1226,9197,2,4,15.0,33.0,HARD,0
1226,9197,2,63,15.0,34.0,HARD,0
1226,9197,2,31,16.0,58.0,HARD,0
1226,9197,2,44,16.0,35.0,HARD,0
1226,9197,2,2,16.0,41.0,HARD,0
1226,9197,2,1,17.0,43.0,HARD,0
1226,9197,2,23,17.0,43.0,HARD,0
1226,9197,2,16,18.0,35.0,HARD,0
1226,9197,2,11,18.0,42.0,HARD,0
1226,9197,2,10,18.0,32.0,HARD,0
1226,9197,2,22,23.0,58.0,HARD,0
1226,9197,2,18,23.0,42.0,HARD,1
1226,9197,3,20,23.0,57.0,HARD,0
1226,9197,2,55,24.0,56.0,HARD,0
1226,9197,2,77,30.0,57.0,MEDIUM,0
1226,9197,3,3,32.0,58.0,HARD,0
1226,9197,3,10,33.0,58.0,HARD,0
1226,9197,3,4,34.0,58.0,HARD,0
1226,9197,3,27,34.0,58.0,HARD,0
1226,9197,3,63,35.0,58.0,HARD,0
1226,9197,3,16,36.0,58.0,HARD,0
1226,9197,3,44,36.0,58.0,HARD,0
1226,9197,3,81,37.0,58.0,HARD,0
1226,9197,3,14,37.0,58.0,HARD,1
1226,9197,3,24,38.0,58.0,MEDIUM,0
1226,9197,3,2,42.0,58.0,HARD,0
1226,9197,3,11,43.0,58.0,HARD,0
1226,9197,3,18,43.0,58.0,MEDIUM,0
1226,9197,3,1,44.0,58.0,HARD,0
1226,9197,3,23,44.0,58.0,HARD,0
1226,9197,3,55,57.0,57.0,SOFT,0
